,0,1,2,3,4,5,6,7,8,9,10,11,12,13,14,15,16
0,MR KC1: Caput standard utredning (MRKC),Nativ,"Loc,Sag T1 3D mprage,Tra DWI,Sag 3D Flair FS,Tra T2 TSE","Loc,Sag 3D T1 mprage,Tra DWI,Sag 3D Flair FS,Tra T2 Propeller","Loc,Sag T1 3D  TFE,Tra DWI,Sag 3D Flair FS,Tra T2 TSE",,,,,,,,,,,,
1,MR KC2: Caput m/kontrast (MRKCK),Prekontrast,"Loc,Sag T1 3D Space,Tra DWI","Loc,Sag T1 3D Cube,Tra DWI","Loc,Sag T1 3D BrainView,Tra DWI",IV kontrast,,,,Postkontrast,"Sag 3D Flair,Tra T2 TSE,Sag T1 3D Space K+","Sag 3D Flair,Tra T2 TSE,Sag T1 3D Cube K+","Sag 3D Flair,Tra T2 TSE,Sag T1 3D BrainView K+",,,,
2,MR KC3: Caput Cerebralt infarkt(MRKCINF),Nativ,"Loc,Sag T1 TSE,Tra T2 4mm,Tra Flair  4mm,Tra SWI,Tra DWI resolve 4mm","Loc,Sag T1 3D mprage,Tra T2 Propeller 4mm,Tra Flair 4mm,Tra SWAN,Tra DWI 4mm","Loc,Sag T1 TSE,Tra T2 4mm,Tra Flair 4mm,Tra SWI/VenBold,Tra DWI 4mm",,,,,,,,,,,,
3,MR KC4: Caput demyeliniserende sykdom (MRKCMS),Prekontrast,"Loc,Sag T1 3D Space,Tra DWI","Loc,Sag T1 3D Cube,Tra DWI","Loc,Sag T1 3D BrainView,Tra DWI",IV kontrast,,,,Postkontrast,"Tra T2 TSE,Sag 3D Flair FS,Sag T1 3D Space K+","Tra T2 TSE,Sag 3D Flair FS,Sag T1 3D Cube K+","Tra T2 TSE,Sag 3D Flair FS,Sag T1 3D BrainView K+",,,,
4,MR KC5: Caput Traume (MRKCTR),Nativ,"Loc,Sag T1 3D mprage,Sag 3D Flair,Tra T2 TSE,Tra SWI,Tra DWI","Loc,Sag T1 3D mprage,Sag 3D Flair,Tra T2 FSE,Tra SWAN,Tra DWI","Loc,Sag T1 3D TFE,Sag 3D Flair,Tra T2 TSE,Tra SWI/VenBold,Tra DWI",,,,,,,,,,,,
5,MR KC6: Vaskulitt (MRKCVAS),Prekontrast,"Loc,Sag T1 3D Space Black Blood,Tra DWI,Tra SWI,Sag 3D Flair,Tra 3D TOF intracerebrale arterier,(evnt. se,KCang1,),Ev. CM ang Halskar med kontrast,(evnt. se,CMang1,) (Konf. radiolog)","Loc,Sag T1 3D Cube Black Blood,Tra DWI,Tra SWAN,Sag 3D Flair,Tra 3D TOF intracerebrale arterier,(evnt. se,KCang1,),Ev. CM ang Halskar med kontrast,(evnt. se,CMang1,) (Konf. radiolog)","Loc,Sag T1 3D Black Blood,Tra DWI,Tra SWI/VenBold,Sag 3D Flair,Tra 3D TOF intracerebrale arterier,(evnt. se,KCang1,),Ev. CM ang Halskar med kontrast,(evnt. se,CMang1,)  (Konf. radiolog)",IV kontrast,"Kun caput: 0,2 ml pr kg kroppsvekt","Kun caput: 0,2 ml pr kg kroppsvekt","Kun caput: 0,2 ml pr kg kroppsvekt",Postkontrast,"Tra T2 Blade,Sag T1 3D Space Black Blood K+","Tra T2 Propeller,Sag T1 3D Cube Black Blood K+","Tra T2 TSE (MV),Sag T1 3D Black Blood K+",,,,
6,MR KC7: Caput Epilepsi (MRKCEPI),Nativ,"Loc,Sag T1 3D mprage,Sag T2 3D Flair,Tra T2 TSE 2mm (AC-PC vinkling),Tra DWI (AC-PC vinkling),Tra SWI (hvis ikke tatt før),Cor T2 TSE 2mm (vinkelrett på temporallappen)","Loc,Sag T1 3D mprage,Sag T2 3D  Flair,Tra T2 FSE 2mm (AC-PC vinkling),Tra DWI (AC-PC vinkling),Tra SWAN (hvis ikke tatt før),Cor T2 FSE 2mm (vinkelrett på temporallappen),Sag T2 3D DIR iso,Tra 3D ASL","Loc,Sag T1 3D TFE,Sag T2 3D Flair,Tra T2 TSE 2mm (AC-PC vinkling),Tra DWI (AC-PC vinkling),Tra SWI/VenBold (hvis ikke tatt før),Cor T2 TSE 2mm (vinkelrett på temporallappen)",,,,,,,,,,,,
7,MR KC8: Caput Ikke-kontrastladende tumor (MRKCGLIOP),Prekontrast,"Loc,Sag T1 3D mprage,Tra DWI","Loc,Sag T1 3D mprage,Tra DWI","Loc,Sag T1 3D TFE,Tra DWI",IV kontrast,,,,Postkontrast,"Sag T2 3D Flair,Tra T2 TSE,Sag T1 3D mprage K+,Sag T2 3D Space","Sag T2 3D Flair Cube,Tra T2 Propeller,Sag T1 3D mprage K+,Sag T2 3D","Sag T2 3D Flair,Tra T2 MV,Sag T1 3D TFE K+,Sag T2 3D BrainView",,,,
8,MR KC9: Caput Cerebral infeksjon (MRKCI),Prekontrast,"Loc,Sag T1 3D Space,Tra  DWI,Tra SWI","Loc,Sag T1 3D Cube,Tra DWI,Tra SWAN","Loc,Sag T1 3D BrainView,Tra DWI,Tra SWI/VenBold",IV kontrast,,,,Postkontrast,"Sag 3D Flair,Tra T2 TSE,Sag T1 3D Space K+,Cor T2 Flair,2D,K+","Sag 3D Flair,Tra T2 Propeller,Sag T1 3D Cube K+,Cor T2 Flair,2D,K+","Sag 3D Flair,Tra T2 MV,Sag T1 3D BrainView K+,Cor T2 Flair,2D,K+",,,,
9,MR KC10: Caput Postoperativ benign tumor (MRKCOPBEN),IV kontrast,,,,Postkontrast,"Loc,Tra T2 TSE,Sag T1 3D Space K+","Loc,Tra T2 Propeller,Sag T1 3D Cube K+","Loc,Tra T2 TSE,Sag T1 3D BrainView K+",,,,,,,,
10,MR KC11: Caput Trombektomi (RH) (MRKC11),Prekontrast,"Loc,Tra DWI 5 mm,Tra Flair blade 5 mm,Tra TOF angio - dekke aktuelt område","Loc,Tra DWI 5 mm,Tra Flair propeller 5 mm,Tra TOF angio - dekke aktuelt område",IV kontrast,Eventuelt,Eventuelt,Postkontrast,"Perfusjon,starte kontrasten etter 7 målinger,SWI 3 mm","Perfusjon,SWAN 3 mm",,,,,,,
11,MR KC12: Caput Akutt cerebralt infarkt(MRKCINF+),Prekontrast,"Loc,Tra DWI (b0 og b1000),Tra T2 Flair,Tra SWI,Tra T2 Blade,Sag T1 TSE","Loc,Tra DWI (b0 og b1000),Tra T2 Flair,Tra SWAN,Tra T2 Propeller,Sag T1 TSE","Loc,Tra DWI  (b0 og b1000),Tra T2 Flair,Tra SWI,Tra T2 MV,Sag T1 TSE",IV kontrast,Eventuelt,Eventuelt,Eventuelt,Postkontrast,"Perfusjon,Starte kontrast etter 10 målinger ( 10/75 )","Perfusjon,Starte kontrast etter 7 sekunder ( Tiden teller ned til 1:17 )",Perfusjon,,,,
12,MR KC13: Caput Skallebasis (MRKCBASISEP),Prekontrast,"Loc,Sag T1 TSE 4 mm,Tra T1 4mm. Figur 1,Tra T2 TSE Dixon 4mm. Figur 1,Tra T2 3D Space. Figur 2 Konferer,radiolog  om plassering.,(evnt angio/veno,konf radiolog)","Loc,Sag T1 3D Cube,Tra T1 4mm. Figur 1,Tra T2 TSE FS 4mm. Figur 1,Tra T2 3D Cube Figur 2 Konf.,radiolog om plassering,(evnt angio/veno,konf radiolog)","Loc,Sag T1 TSE 4 mm,Tra T1 4mm. Figur 1,Tra T2 TSE Dixon 4mm. Figur 1,Tra T2 3D BrainView. Figur 2 Konferer,radiolog  om plassering.,(evnt angio/veno,konf radiolog)",IV kontrast,,,,Postkontrast,"Kontrast- vent 5 minutter,Sag T1 3D Space K+ (hele caput),Tra T1 3D Dixon K+ . Figur 1","Kontrast - vent 5 minutter,Sag T1 3D Cube K+ (hele caput),Tra T1 3D Ideal K+ . Figur1","Kontrast- vent 5 minutter,Sag T1 3D BrainView K+ (hele caput),Tra T1 3D Dixon K+ . Figur 1",,,,
13,MR KC15: Caput Nevrodegenerative sykdommer,Nativ,"Loc,Sag T1 3D mprage,Tra T2,Sag 3D Flair,Tra SWI,Tra DWI","Loc,Sag T1 3D mprage,Tra T2,Sag 3D Flair,Tra SWAN,Tra DWI","Loc,Sag T1 3D T1 TFE,Tra T2,Sag 3D Flair,Tra  VenBold/SWI,Tra DWI",,,,,,,,,,,,
14,MR KC16: Caput Demyeliniserende sykdom uten iv kontrast (MRKCMSUTEN),Nativ,"Loc,Sag T1 3D mprage,Tra DWI,Tra T2 TSE,Sag 3D Flair FS","Loc,Sag T1 3D mprage,Tra DWI,Tra T2 TSE,Sag 3D Flair FS","Loc,Sag T1 3D TFE,Tra DWI,Tra T2 TSE,Sag 3D Flair FS",,,,,,,,,,,,
15,MR KC17: Caput Hydrocephalus. (MRKCFLOW),Nativ,"Loc,Sag T1 3D mprage,Sag T2 3D Space (hele hodet),Tra T2 Blade,Cor T2 Flair,Flash 6 inplane=flowsekvensen (PPU),Tra DWI","Loc,Sag T1 3D mprage,Sag T2 3D Cube (hele hodet),Tra T2 Propeller,Cor T2 Flair,Sag SF Flow PC (PPU),Tra DWI","Loc,Sag T1 3D TFE,Sag T2 3D BrainView (hele hodet),Tra T2 TSE (MV),Cor T2 Flair,Sag Flow drive (PPU),Tra DWI",,,,,,,,,,,,
16,MR KC18: Caput Disseksjon (MRKCDIS),Prekontrast,"Loc,Sag T1 TSE,Tra T2 4mm,Tra Flair  4mm,Tra SWI,Tra DWI resolve 4mm,Tra TOF fi3D multislab,Sag T1 3D FS Space,(evnt Tra T2 flair 3mm,se tekst,)","Loc,Sag T1 3D mprage,Tra T2 Propeller 4mm,Tra Flair 4mm,Tra SWAN,Tra DWI 4mm,Tra 3D TOF Asset,Evnt Sag 3D InHance,Sag T1 3D FS Cube,(evnt Tra T2 flair 3mm,se tekst,)","Loc,Sag T1 TSE,Tra T2 4mm,Tra Flair 4mm,Tra SWI/VenBold,Tra DWI 4mm,Tra TOF 3D,Sag T1 3D FS BrainView,(evnt Tra T2 Flair 3mm,se tekst,)",IV kontrast,,,,Postkontrast,"MRCMANG,Sag T1 3D Space K+,(hele hodet)","MRCMANG,Sag T1 3D Cube K+,(hele hodet)","MRCMANG,Sag T1 3D BrainView K+,(hele hodet)",,,,
17,MR KC21: Caput Navigasjon (MRKCNAV),Prekontrast,,,IV kontrast,,,Postkontrast,"Vent 5 min,Tra 3D T1 mprage K+,Hvis ikke lader kontrast:,Sag T2 3D Space","Vent 5 min,Tra 3D T1 mprage K+,Hvis ikke lader kontrast:,Sag T2 3D Space",,,,,,,
18,MR KC25: Caput Venesinus (MRKCVGR),Nativ,"Loc,Cor 2D TOF,Sag 3D PC","Loc / Asset cal,Cor2D TOF,Sag 3D InHance PC,(viser både arterier og vener)","Loc,Cor2D TOF,Sag 3D PC",,,,,,,,,,,,
19,MR KC25A: Caput SVT hos gravide (MRKCSVTGRA),Nativ,"Loc,Sag T1 3D mprage,Tra T2 TSE,Sag 3D Flair,Tra SWI,Tra DWI,Cor2D TOF vener,Sag 3D PC fl","Loc,Sag T1 3D mprage,Tra T2 TSE,Sag 3D Flair,Tra SWAN,Tra DWI,Cor 2D TOF vener,Sag 3D PC inhance","Loc,Sag T1 3D TFE,Tra T2 TSE,Sag 3D Flair,Tra SWI/VenBold,Tra DWI,Cor 2D TOF vener,Sag 3D PCA",,,,,,,,,,,,
20,MR KC26: Caput Sinus/venetrombose (MRKCSVT),Prekontrast,"Loc,Sag T1 3D mprage,Tra DWI,Tra SWI,Cor 2D TOF,Sag 3D PC","Loc,Sag T1 3D mprage,Tra DWI,Tra SWAN,Cor 2D TOF,Sag 3D InHance PC,(viser både arterier og vener)","Loc,Sag T1 3D TFE,Tra DWI,Tra SWI/VenBold,Cor 2D TOF,Sag 3D PC",IV kontrast,,,,Postkontrast,"TWIST,(ikke NMR1),Sag T2 3D Flair,Tra T2 TSE,Sag T1 3D mprage K+","TRICKS,Sag T2 3D Flair,Tra T2 Propeller,Sag T1 3D mprage K+","4D-TRAK,Sag T2 3D Flair BrainView,Tra T2 TSE (MV),Sag T1 3D TFE K+",,,,
21,MR KC28: Caput AVM (MRKCAVM),Nativ,"Loc,Sag T1 3D mprage,Sag T2 3D Flair,Tra T2 TSE,Tra DWI,Tra SWI,Tra 3D TOF","Loc,Sag T1 3D mprage,Sag T2 3D Flair,T2 Propeller,Tra DWI,Tra SWAN,Tra 3D TOF Asset,Evnt,Sag 3D InHance","Loc,Sag T1 3D TFE,Sag T2 3D Flair,Tra T2 TSE (MV),Tra DWI,Tra SWI/ VenBold,Tra 3D TOF",,,,,,,,,,,,
22,MR KC29: Caput Aneurysme (MRKCANEUR),Nativ,"Loc.,Sag T1 3D mprage,Tra DWI,Sag T2 3D Flair FS,Tra T2 TSE,Tra TOF fi3D multislab","Loc.,Sag T1 3D mprage,Tra DWI,Sag T2 3D Flair FS,Tra T2 Propeller,Tra 3D TOF Asset,Evnt Sag 3D InHance","Loc.,Sag T1 3D TFE,Tra DWI,Sag T2 3D Flair FS BrainView,Tra T2 TSE (MV),Tra 3D TOF",,,,,,,,,,,,
23,MR KC30: Caput Nasopharynx/ansikt (MRFA),Prekontrast,"Cor T2 TSE Dixon 3mm (IP + W),Cor T1 TSE Dixon 3mm (IP + W),Tra T2 TSE Dixon 3mm (IP + W),Tra T1 TSE Dixon 3mm (IP + W),Tra DWI,Radiolog se på bilder.,Evt angio ved behov.","Cor T2 TSE Ideal 3mm (IP + W),Cor T1 TSE Ideal 3mm (IP + W),Tra T2 TSE Ideal 3mm (IP + W),Tra T1 TSE Ideal 3mm (IP + W),Tra DWI,Radiolog se på bilder.,Evt angio ved behov.","Cor T2 TSE Dixon 3mm (IP + W),Cor T1 TSE Dixon 3mm (IP + W),Tra T2 TSE Dixon 3mm (IP + W),Tra T1 TSE Dixon 3mm (IP + W),Tra DWI,Radiolog se på bilder.,Evt angio ved behov.",IV kontrast,,,,Postkontrast,"Tra T1 TSE Dixon 3mm (W) K+,Cor T1 TSE Dixon 3mm (W) K+,Sag T1 TSE Dixon 3mm (W) K+ ved behov,Ved Nervus Opticus patologi (NF/OPG);,Tra T1 3D Dixon 1mm over orbita K+,Ved Nervus Facialis patologi (perineural spredning);,Tra T1 3D Dixon  1mm over akt. område K+","Tra T1 TSE Ideal 3mm (W) K+,Cor T1 TSE Ideal 3mm (W) K+,Sag T1 TSE Ideal 3mm (W) K+ ved behov,Ved Nervus Opticus patologi (NF/OPG);,Tra T1 3D Ideal 1mm over orbita K+,Ved Nervus Facialis patologi (perineural spredning);,Tra T1 3D Ideal 1mm over akt. område K+","Tra T1 TSE Dixon 3mm (W) K+,Cor T1 TSE Dixon 3mm (W) K+,Sag T1 TSE Dixon 3mm (W) K+ ved behov,Ved Nervus Opticus patologi (NF/OPG);,Tra T1 3D Dixon 1mm over orbita K+,Ved Nervus Facialis patologi (perineural spredning);,Tra T1 3D Dixon  1mm over akt. område K+",,,,
24,MR KC33: Caput NVK (MRKCNVK),Nativ,"Loc,Tra 3D TOF,(se,KCang1,for skanning og rekontruksjoner),Tra 3D T2 Space","Loc/asset cal,Tra 3D TOF,(se,KCang1,for skanning og rekontruksjoner),Tra 3D T2 Cube","loc,Tra 3D TOF,(se,KCang1,for skanning og rekontruksjoner),Tra 3D T2 Brain View",,,,,,,,,,,,
25,MR KC39: Caput PO 48/72 timer kontrastladende tumor (MRKC39),Prekontrast,"Loc,Sag T1 3D mprage,Tra DWI","Loc,Sag T1 3D mprage,Tra DWI","Loc,Sag T1 3D TFE,Tra DWI",IV kontrast,,,,Postkontrast,"Sag T2 3D Flair Space,Tra T2 TSE,Sag T1 3D mprage K+,Lag subtraksjonsserie av T1 3D,før og etter kontrast.","Sag T2 3D Flair Cube,Tra T2 Propeller,Sag T1 3D mprage K+,Lag subtraksjonsserie av T1 3D,før og etter kontrast.","Sag T2 3D Flair BrainView,Tra T2 TSE (MV),Sag T1 3D TFE K+,Lag subtraksjonsserie av T1 3D,før og etter kontrast.",,,,
26,MR KCP1: Caput Brain tumor prosjekt preoperativ,Prekontrast,"Loc,Sag T1 3D SPACE,Tra T2,Tra DTI,Sag T2 SPACE Flair","Loc,Sag T1 3D CUBE,Tra T2 Propeller,Tra DTI,Sag T2 CUBE Flair,Tra 3D ASL prosjekt, fysiker",IV kontrast,,,Postkontrast,"Tra Perfusjon (T2*),Tra SWI 3D,Sag T1 3D SPACE K+ (kopiert fra serie 2),------,CSI se 135,SVS se 135,SVS se 35,Spektroskopi,enten,multivoxel (CSI),og/eller,singelvoxel (SVS) som bestemmes av radiolog,Radiolog avgjør valg av ekkotid,-------,Kjør pasienten ut, fjern øreklokker.,Pasienten skal tilbake i samme posisjon uten ny localizer.,NavigasjonTra T13D MPRAGE K+  uvinklet dersom tumor lader kontrast,Navigasjon Sag T2 Space  dersom tumor,ikke,lader kontrast","Tra Perfusjon (T2*),Tra SWAN 3D,Sag T1 CUBE K+ (kopiert fra serie 2),-----,PROBE 2D CSI,PROBE-SV 35 (28),PROBE-SV 144,Spektroskopi,enten,multivoxel (CSI),og/eller,singelvoxel (SVS) som bestemmes av radiolog,Radiolog avgjør valg av ekkotid,-----,Kjør pasienten ut, fjern øreklokker.,Pasienten skal tilbake i samme posisjon uten ny localizer.,NavigasjonTra T13D MPRAGE K+  uvinklet dersom tumor lader kontrast,Navigasjon Sag T2 Space  dersom tumor,ikke,lader kontrast",,,,,,,
27,MR SE1: Hypofyse lesjon,Prekontrast,"Sag T1 3mm,Cor T1 3mm,Cor T2 3mm","Sag T1 3mm,Cor T1 3mm,Cor T2 3mm","Sag T1 3mm,Cor T1 3mm,Cor T2 3mm",IV Kontrast,,,,Postkontrast,"Sag T1 3mm K+,Cor T1 3mm K+","Sag T1 3mm K+,Cor T1 3mm K+","Sag T1 3mm K+,Cor T1 3mm K+",,,,
28,MR ORB1 MR: Orbita Standard (MRORB),Nativ,"Tra / Sag loc,Tra T1 3D Vibe Dixon,TraT2 TSE  3 mm,Cor T2 Dixon 3 mm","Loc/ Asset cal,Tra T1 3D IDEAL,Tra T2 TSE propeller  3 mm,Cor T2 IDEAL 3 mm","Loc,Tra T1 3D Dixon TFE,Tra T2 TSE 3 mm,Cor T2 Dixon 3 mm",,,,,,,,,,,,
29,MR ORB2 MR: Orbita m/kontrast (MRORBK),Prekontrast,"Tra / Sag loc,Tra T1 vibe dixon,TraT2 TSE  3 mm,Cor T2  Dixon 3 mm,Tra DWI","Tra/ sag loc,Tra T1 IDEAL 3 mm,Tra T2 TSE propeller  3 mm,Cor T2 IDEAL 3 mm,Tra DWI","Loc,Tra T1 3D Dixon (TFE),Tra T2 TSE 3mm,Cor T2 Dixon 3mm,Tra DWI",IV Kontrast,,,,Postkontrast,Tra T1 VIBE Dixon 1mm K+,Tra 3D IDEAL K+,Tra T1 3D Dixon (TFE) K+,,,,
30,MR ORB3 MR: Orbita. Opticus nevritt (MRORBMS),Prekontrast,"Loc.,Cor T2 STIR","Loc.,Cor T2 FS propeller","Loc.,Cor T2 STIR",IV kontrast,,,,Postkontrast,Tra T1 3D Vibe Dixon K+,Tra 3D T1 IDEAL K+,Tra T1 3D Dixon TFE K+,,,,
31,"MR CPV 1: Tinningben,  CPV lesjoner",IV Kontrast,,,,Postkontrast,"Loc,Tra T1 3D Vibe,Dixon K+","Loc,Tra T1 FS 3D,(Dixon) K+","Loc,Tra T1 FS 3D TFE,(Dixon) K+",,,,,,,,
32,"MR CPV 2: Tinningben, labyrintlesjoner",IV Kontrast,,,,Postkontrast,"Loc,Tra T1 FS 3D K+,Tra T2 space","Loc,Tra T1 FS 3D K+,Tra  FIESTA-C","Loc,Tra T1 FS 3D K+,Tra  VISTA",,,,,,,,
33,MRCMK,Prekontrast,"Loc,Cor T2 TSE Dixon 3mm (IP + W),Cor T1 TSE Dixon 3mm (IP + W),Tra T2 TSE Dixon 3mm (IP + W),Tra T1 TSE Dixon 3mm (IP + W),Radiolog se på!,Evt Tra DWI ved behov (ved tumor, dermoid/epidermoid cyste, retropharyngeal abscess),Angio ved behov.","Loc,Cor T2 TSE Ideal 3mm (IP + W),Cor T1 TSE Ideal 3mm (IP + W),Tra T2 TSE Ideal 3mm (IP + W),Tra T1 TSE Ideal 3mm (IP + W),Radiolog se på!,Evt Tra DWI ved behov (ved tumor, dermoid/epidermoid cyste, retropharyngeal abscess),Angio ved behov.","Loc,Cor T2 TSE Dixon 3mm (IP + W),Cor T1 TSE Dixon 3mm (IP + W),Tra T2 TSE Dixon 3mm (IP + W),Tra T1 TSE Dixon 3mm (IP + W),Radiolog se på!,Evt Tra DWI ved behov (ved tumor, dermoid/epidermoid cyste, retropharyngeal abscess),Angio ved behov.",IV kontrast,,,,Postkontrast,"Tra T1 TSE Dixon 3mm (W) K+,Cor T1 TSE Dixon 3mm (W) K+,Sag T1 TSE Dixon 3mm (W) K+ ved perineural spredning.,Ved Nervus Opticus patologi (NF1/OPG) taes T1 3D Dixon over orbita.,Ved Nervus Facialis patologi (perineural spredning) taes,T1 3D Dixon over aktuelt område.","Tra T1 TSE Ideal 3mm (W) K+,Cor T1 TSE Ideal 3mm (W) K+,Sag T1 TSE Ideal 3mm (W) K+ ved perineural spredning.,Ved Nervus Opticus patologi (NF1/OPG) taes T1 3D Dixon over orbita.,Ved Nervus Facialis patologi (perineural spredning) taes,T1 3D Dixon over aktuelt område.","Tra T1 TSE Dixon 3mm (W) K+,Cor T1 TSE Dixon 3mm (W) K+,Sag T1 TSE Dixon 3mm (W) K+ ved perineural spredning.,Ved Nervus Opticus patologi (NF1/OPG) taes T1 3D Dixon over orbita.,Ved Nervus Facialis patologi (perineural spredning) taes,T1 3D Dixon over aktuelt område.",Ekstra,Evt CT Ansiktskjelett,,
34,MR CCCDCL1: Prolaps,Nativ,"Loc.,Sag T2 TSE,Sag T1 TSE,Sag T2 3D Space,Cervical: Tra T2 Me2d,Thoracalt: Tra T2 TSE (aktuelt område),Lumbalt: Tra T2 TSE (aktuelt område)","Loc.,Sag T2 FSE,Sag T1 FSE IR,Sag T2 3D Cube,Cervicalt: Tra T2 Merge,Thoracalt: Tra T2 Merge (aktuelt område),Lumbalt: Tra T2 T2FSE (aktuelt område)","Loc.,Sag T2 TSE,Sag T1 TSE,Sag T2 3D SpineView/Vista,Cervicalt: Tra T2 MSFFE,Thoracalt: Tra T2 TSE (aktuelt område),Lumbalt: Tra T2 TSE (aktuelt område)",,,,,,,,,,,,
35,MR CCCDCL2: Traume,Nativ,"Loc,Sag T1 TSE,Sag T2 TSE,Sag  T2 fl2d(hemo),Sag T2 STIR,Tra TSE T1 (aktuelt område),Tra TSE T2 (aktuelt område),Dersom funn Sag T2* fl2d (hemo):,Tra T2* fl2d  (hemo),Evnt Sag T2 Space","Loc,Sag T1 FSE IR,Sag T2 FRFSE,Sag T2 MERGE (c.col),Sag T2* gre (th.col/l.col),Sag STIR,Tra  T2 FSE(aktuelt område),Tra T1 FSE IR (aktuelt område),Dersom funn sag  T2* gre :,Tra,T2* gre,Evnt Sag T2 Cube","Survey,Sag T1 TSE,Sag T2 TSE,Sag T2* FFE/TFE (hemo),Sag T2 STIR,Tra T1 TSE  (aktuelt område),Tra T2 TSE  (aktuelt område),Dersom funn sag T2* FFE/TFE (hemo):,Tra  T2* FFE/TFE (hemo),Evnt Sag T2 SpineView",,,,,,,,,,,,
36,MR CCCD3: Demyeliniserende sykdom,Prekontrast,"Loc,Sag T2,TSE","Loc,Sag T2,FSE","Survey,Sag T2,TSE",IV kontrast,,,,Postkontrast,"Sag T1 TSE K+,Evnt.,i aktuellt område:,Tra T1 TSE K+,Tra T2 TSE","Sag T1 FSE IR K+,Evnt.,i aktuellt område:,Tra T1 FSE IR K+,Tra T2 FSE","Sag T1 TSE K+,Evnt.,i aktuellt,område:,Tra T1 TSE K+,Tra T2 TSE",,,,
37,MR CCCD4: Syrinx,Nativ,"Loc,Sag T1 TSE,Sag T2 TSE,Evnt;,Tra T2 TSE,(aktuelt område)","Loc,Sag T1 FSE IR,Sag T2 FSE,Evnt;,Tra T2 FSE,(aktuelt område)","Survey,Sag T1 TSE,Sag T2 TSE,Evnt;,Tra T2 TSE,(aktuelt område)",,,,,,,,,,,,
38,MR CCCDCL5: Tumor ,Prekontrast,"Loc,Sag T1 TSE,Sag T2 TSE,Tra T1 TSE (i aktuelt område),Tra T2 TSE (i aktuelt område)","Loc,Sag T1 FSE IR,Sag T2 FSE,Tra T1 FSE IR (i aktuelt område),Tra T2 FSE (i aktuelt område)","Loc,Sag T1 TSE,Sag T2 TSE,Tra T1 TSE (i aktuelt område),Tra T2 TSE (i aktuelt område)",IV kontrast,,,,Postkontrast,"Sag T1 TSE K+,Tra T1 TSE  K+ (i aktuelt område),Evnt.,Cor T1 TSE K+ dersom paraspinal,tumorkomponent","Sag T1 FSE IR K+,Tra T1 FSE IR K+ (i aktuelt område),Evnt.,Cor T1 FSE K+ dersom paraspinal,tumorkomponent","Sag T1 TSE  K+,Tra T1 TSE K+  (i aktuelt område),Evnt.,Cor T1 TSE K+    dersom paraspinal,tumorkomponent",,,,
39,MR CCCDCL6: Postoperativ arrvev/prolaps,Prekontrast,"Loc,Sag T1 TSE,Sag T2 TSE,Tra T1 TSE (kirurgisk nivå)","Loc,Sag T1 SE IR,Sag T2 FSE,Tra T1 FSE (kirurgisk nivå)","Loc,Sag T1 TSE,Sag T2 TSE,Tra T1 TSE (kirurgisk nivå)",IV kontrast,,,,Postkontrast,"Sag T2 3D Space,Tra T2 TSE (kirurgisk nivå),Tra T1 TSE K+ (kirurgisk nivå)","Sag T2 3D Cube,Tra T2 FSE (kirurgisk nivå),Tra T1 FSE IR K+ (kirurgisk nivå)","Sag T2 3D SpineView/Vista,Tra T2 TSE (kirurgisk nivå),Tra T1 TSE K+ (kirurgisk nivå)",,,,
40,MR CCCDCL7: Infeksjon/abscess,Prekontrast,"Loc,Sag T1 Dixon,Sag T2 TSE Dixon,I aktuelt område:,Tra T2 TSE","Loc,Sag T1 FSE Ideal,Sag T2 FSE Ideal,I aktuelt område:,Tra T2 FSE","Survey,Sag T1 Dixon,Sag T2 TSE Dixon,I aktuelt område:,Tra T2 TSE",IV kontrast,,,,Postkontrast,"Sag T1 TSE Dixon K+,I aktuelt område:,Tra T1 TSE Dixon K+,Ved paraspinal,utbredelse:,Cor T1 TSE Dixon K+","Sag T1 FSE Ideal K+,I aktuelt område:,Tra T1 FSE Ideal K+,Ved paraspinal,utbredelse:,Cor T1 FSE Ideal K+","Sag T1 TSE Dixon K+,I aktuelt område:,Tra T1 TSE Dixon K+,Ved paraspinal,utbredelse:,Cor T1 TSE Dixon K+",,,,
41,MR CCCDCL8: Primær bentumor,Prekontrast,"Loc,Sag T1 SE,Sag T2 TSE,Dixon,Tra T2 TSE,Dixon,(i aktuelt område),Tra T1 TSE,(i aktuelt område)","Loc,Sag T1 FSE IR,Sag T2 FSE,Ideal,Tra T2 FSE Ideal,(i aktuelt område),Tra T1 FSE,(i aktuelt område)","Loc,Sag T1 SE,Sag T2 TSE Dixon,Tra T2 TSE,Dixon,(i aktuelt område),Tra T1 TSE,(i aktuelt område)",IV kontrast,,,,Postkontrast,"Sag T1 TSE Dixon K+,Tra T1 TSE  K+,(i aktuelt område),Evnt.,Cor T1 TSE K+,hvis paraspinal komponent","Sag T1 FSE Ideal K+,Tra T1 FSE K+,(i aktuelt område),Evnt.,Cor T1 FSE K+,hvis paraspinal komponent","Sag T1 TSE Dixon K+,Tra T1 TSE K+,(i aktuelt område),Evnt.,Cor T1 TSE K+,hvis paraspinal komponent",,,,
42,MR CCCD9: Columna/medulla infarkt,Prekontrast,"Loc,Sag T2 TSE, 3mm,Sag T1 TSE Dixon, 3mm,Sag T2 STIR, 3mm,Sag DWI (b50 og b600), 3mm,Dersom funn:,Tra T1 TSE Dixon, 3.5mm (aktuelt område)","Loc,Sag T2 FSE, 3mm,Sag T1 FSE Ideal, 3mm,Sag T2 STIR, 3mm,Sag DWI b50 og b600), 3mm,Dersom funn:,Tra T1 FSE Ideal, 3.5mm (aktuelt område)","Loc,Sag T2 TSE, 3mm,Sag T1 TSE Dixon, 3mm,Sag T2 STIR, 3mm,Sag DWI (b50 og b600), 3mm,Dersom funn:,Tra T1 TSE Dixon, 3.5mm (aktuelt område)",IV kontrast,,,,Postkontrast,"Tra T2 TSE, 3.5mm (aktuelt område),Tra T1 TSE Dixon, 3.5mm (aktuelt område) K+,Sag T1 TSE Dixon, 3mm K+","Tra T2 FSE, 3.5mm (aktuelt område),Tra T1 FSE Ideal, 3.5mm (aktuelt område) K+,Sag T1 FSE Ideal, 3mm K+","Tra T2 TSE, 3.5mm (aktuelt område),Tra T1 TSE Dixon, 3.5mm (aktuelt område) K+,Sag T1 TSE Dixon, 3mm K?",,,,
43,MR CCCDCL10: Intramedullær/vaskulær malformasjon,Prekontrast,"Loc,Sag T1 TSE,Sag T2 TSE,Sag T2 fl 2d,(T2*),Myelografi","Loc,Sag T1 FSE IR,Sag T2 FSE,Sag T2 fl 2d,(T2*),Myelografi","Loc,Sag T1 TSE,Sag T2 TSE,Sag T2  FFE,(T2*),Myelografi",IV kontrast,,,,Postkontrast,"Evnt.,TWIST angio K+,Sag T1 TSE K+,Tra T1 TSE K+ (aktuelt område)","Evnt.,TRICKS angio K+,Sag T1 FSE IR K+,Tra T1 FSE IR K+ (aktuelt område)","Evnt.,4D-TRAK angio K+,Sag T1 TSE K+,Tra T1 TSE K+ (aktuelt område)",,,,
44,MR CCCDCL11: Columna drop,Prekontrast,"Loc,Sag T1 TSE,hele columna","Loc,Sag T1 FSE IR,hele columna","Loc,Sag T1 TSE,hele columna",IV kontrast,,,,Postkontrast,"Sag T1 TSE K+,hele columna,Tra T1 TSE K+,i aktuellt nivå","Sag T1 FSE IR K+,hele columna,Tra T1 FSE IR K+,i aktuellt nivå","Sag TSE T1 K+,hele columna,Tra T1 TSE K+,i aktuellt nivå",,,,
45,MR CCCDCL12: Metastase/ Medullakompresjon ,Nativ,"Loc,Sag T2 TSE Dixon,Aktuelt nivå ved,medullakompresjon:,Tra T2 TSE,konf. radiolog","Loc,Sag T2 FSE Ideal,Aktuelt nivå ved,medullakompresjon:,Tra T2 FSE,konf. radiolog","Loc,Sag T2 TSE Dixon,Aktuelt nivå ved,medullakompresjon:,Tra T2 TSE,konf. radiolog",,,,,,,,,,,,
46,MR CCCDCL13: Screening,Nativ,"Loc.,Sag T2 3D Space,Spinalvæskelekkasje:,I mistenkt nivå:,Tra T2 TSE FS","Loc.,Sag T2 3D Cube,Spinalvæskelekkasje:,I mistenkt nivå:,Tra T2 FSE FS","Loc.,Sag T2 3D Spine View/Vista,Spinalvæskelekkasje:,I mistenkt nivå:,Tra T2 TSE FS",,,,,,,,,,,,
47,MR CCCDCL14: Araknoiditt,Prekontrast,"Loc,Sag  T1 TSE,Sag T2 TSE,I aktuelt område:,Tra T1 TSE,Tra T2 TSE","Loc,Sag T1 FSE IR,Sag T2 FSE,I aktuelt område:,Tra T1 FSE IR,Tra T2 FSE","Loc,Sag  T1 TSE,Sag T2 TSE,I aktuelt område:,Tra T1 TSE,Tra T2 TSE",IV kontrast,,,,Postkontrast,"Sag T1 TSE K+,I aktuelt område:,Tra T1 TSE K+,Myelo","Sag T1 FSE IR K+,I aktuelt område:,Tra T1 FSE IR K+,Myelo","Sag T1 TSE K+,I aktuelt område:,Tra T1 TSE K+,Myelo",,,,
48,MR CCCD15: Epidural lipomatose,Nativ,"Loc,Sag T1 TSE,Sag T2 TSE Dixon,I aktuelt område:,Tra T2 TSE,Tra T1 TSE","Loc,Sag T1 FSE IR,Sag T2 FSE Ideal,I aktuelt område:,Tra T2 FSE,Tra T1 FSE IR","Loc,Sag T1 TSE,Sag T2 TSE Dixon,I aktuelt område:,Tra T2 TSE,Tra T1 TSE",,,,,,,,,,,,
49,MR CCCDCL16: Myelografi,Prekontrast,Sag T1 3D Vibe Dixon (FS),"Kontrast,intratechalt",,Postkontrast,Sag T1 3D Vibe Dixon (FS) K+,,,,,,,,,,
50,MR CCCDCL17: Før vertebroplastikk ,Nativ,"Loc.,Sag T2 STIR,Dersom biopsi:,Tra T2 i aktuelle område","Loc.,Sag T2 STIR,Dersom biopsi:,Tra T2 i aktuelle område","Loc.,Sag T2 STIR,Dersom biopsi:,Tra T2 i aktuelle område",,,,,,,,,,,,
51,MR CCCDCL 18: Myelitt.Polyradiculitt,Prekontrast,"Loc,Sag T1 TSE  Dixon,Sag T2 TSE,Aktuelt område:,Tra T1 TSE Dixon,(fra L5-L1),konf. radiolog","Loc,Sag T1 FSE IR Ideal,Sag T2 FSE,Aktuelt område:,Tra T1 FSE IR Ideal,(fra L5-L1),konf. radiolog","Loc,Sag T1 TSE  Dixon,Sag T2 TSE,Aktuelt område:,Tra T1 TSE Dixon,(fra L5-L1),konf. radiolog",IV kontrast,,,,Postkontrast,"Sag T1 TSE Dixon K+,Aktuelt område:,Tra T2 TSE,Tra T1 TSE Dixon K+,(fra L5-L1;,samme område som,prekontrast)","Sag T1 FSE IR Ideal K+,Aktuelt område:,Tra T2 FSE,Tra T1 FSE IR Ideal K+,(fra L5-L1;,samme område som,prekontrast)","Sag T1 TSE Dixon K+,Aktuelt område:,Tra T2 TSE,Tra T1 TSE Dixon K+,(fra L5-L1;,samme område som,prekontrast)",,,,
52,MR CCD19: Demyeliniserende sykdom uten iv kontrast,Nativ,"Loc,Sag T2 TSE","Loc,Sag T2 FSE","Loc,Sag T2 TSE",,,,,,,,,,,,
53,MR CC21: Cervicalcolumna Neuroswing ,Nativ,"Neutral stilling av c.col:,Loc,Sag T1 TSE,Sag T2 TSE,Haste Myelo,Tra T2 me2d,Antefleksjon:,Loc,Sag T2 3D Space,Haste Myelo,Retrofleksjon:,Loc,Sag T2 3D Space,Haste Myelo",,,,,,,,,,,,,,
54,MR CC 22: Craniocervikal overgang. Alare ligament (MRCCALARELIGAMENT),Nativ,"Loc,Sag TSE PD DIXON 2 mm,Cor TSE PD 2 mm,Tra TSE PD 2 mm,Cor TSE T2 DIXON 2 mm","Loc,Sag TSE PD IDEAL 2 mm,Cor TSE PD 2 mm,Tra TSE PD 2 mm,Cor TSE T2 IDEAL 2 mm","Loc,Sag TSE PD DIXON 2 mm,Cor TSE PD 2 mm,Tra TSE PD 2 mm,Cor TSE T2 DIXON 2 mm",,,,,,,,,,,,
55,MR CLP: MODIC-studien Lumbalcolumna (MRCLMODIC),Nativ,Sagittal snittføring,Axial snittføring,,,,,,,,,,,,,
56,MR PB1: Plexus brachialis. Standard,Nativ,"Loc,Cor T2,3D,STIR,Cor T1 3D Space,Cor T2 3D Space","Loc,Cor T2,3D,STIR Cube,Cor T1 3D Cube,Cor T2 3D Cube","Loc,Cor T2,3D,STIR SpinView,Cor T1 3D SpineView,Cor T2 3D SpineView",,,,,,,,,,,,
57,MR PB2: Plexus brachialis traume,Nativ,"Loc,Cor T2 3D STIR Space,Cor T1 3D Space,Cor T2 3D Space,Myelo","Loc,Cor T2,3D,STIR Cube,Cor T1 3D Cube,Cor T2 3D Cube,Myelo","Loc,Cor T2 3D STIR SpineView,Cor T1 3D SpineView,Cor T2 3D SpineView,Myelo",,,,,,,,,,,,
58,MR PB3: Plexus brachialis tumor,Prekontrast,"Loc,Cor T2,3D,STIR,Cor T1 3D Space,Cor T2 3D Space","Loc,Cor T2,3D,STIR Cube,Cor T1 3D Cube,Cor T2 3D Cube","Loc,Cor T2,3D,STIR SpinView,Cor T1 3D SpineView,Cor T2 3D SpineView",IV kontrast,,,,Postkontrast,Cor T1 3D Dixon K+,Cor T1 3D Ideal Cube K+,Cor T1 3D Dixon SpineView K+,,,,
59,MR PL1: Plexus lumbosacralis standard,Nativ,"Loc,Cor T1 3D Vibe Dixon,Cor T2 3D Space STIR,Konf. radiolog.,Dersom meralgia paresthetica: lateral cuteaneous femoral nerve kan være affisert.,Eller nerveutfall fremre del av lår; da skal følgende sekvenser også tas:,TraT2 Space STIR","Loc,Cor T1 3D Cube,Cor T2 3D Cube STIR,Evnt. Tra T2 3D STIR","Loc,Cor T1 3D Dixon SpineView,Cor T2 3D  STIR SpineView,Evnt Tra T2 3D STIR SpineView",,,,,,,,,,,,
60,MR PL2: Plexus lumbosacralis traume,Nativ,"Loc,Cor T1 3D Vibe Dixon,Cor T2 3D STIR Space","Loc,Cor T1 3D Cube Ideal,Cor T2 3D Cube","Loc,Cor T1 3D SpineView,Cor T2 3D SpineView",,,,,,,,,,,,
61,MR PL3: Plexus lumbosacralis tumor,Prekontrast,"Loc,Cor T1 3D Vibe Dixon,Cor T2 3D STIR Space,Konf. radiolog.,Dersom meralgia paresthetica: lateral cuteaneous femoral nerve kan være affisert.,Eller nerveutfall fremre del av lår; da skal følgende sekvens også tas:,Tra T2 3D STIR Space","Loc,Cor T1 3D Ideal Cube,Cor T2 3D STIR Cube,Evnt:,Tra T2 3D STIR Cube,(se første kolonne)","Loc,Cor T1 3D SpineView,Cor T2 3D STIR SpineView,Evnt;,Tra T2 3D STIR SpineView,(se første kolonne)",IV kontrast,,,,Postkontrast,Cor T1 3D Vibe Dixon K+,Cor T1 3D Ideal Cube K+,Cor T1 3D Dixon SpineView K+,,,,
62,MR BKC1: Caput Asfyksi,Prekontrast,"Sag T1 SE,Tra T2 MV,Tra IR,Tra T1 SE,Tra DWI,Tra Venous Bold/SWI,Cor T2 MV,Spectroscopi - call radiolog for plassering.,2 voxler med lang ekkotid;,i basalganglier og watershed.","Sag T1 SE,Tra T2,Tra IR,Tra T1 SE,Tra DWI,Tra SWI,Cor T2,Spectroscopi - call radiolog for plassering.,2 voxler med lang ekkotid;,i basalganglier og watershed.","Sag T1 SE,Tra T2 propeller,Tra IR,Tra T1 SE,Tra DWI,Tra SWAN,Cor T2,Spectroscopi - call radiolog for plassering.,2 voxler med lang ekkotid;,i basalganglier og watershed.",,"Ligger barnet rolig eller i narkose, ta helst Sag T1 3D.",,,,,,,,,,
63,MR BKC3: Caput Infarkt akutt,Prekontrast,"Sag T1 3D TFE,Tra T2 MV,Tra IR,Tra DWI,Tra Venous Bold/SWI,Cor T2 TSE,Evt,Intracerebral angio,Sinus Venografi,Spectroskopi som på BKC1,,call radiolog for plassering.","Sag T1 3D mprage,Tra T2 TSE,Tra T1 IR,Tra DWI,Tra SWI,Cor T2 TSE,Evt,Intracerebral angio,Sinus Venografi,Spectroskopi som på BKC1,,call radiolog for plassering.","Sag T1 3D Bravo,Tra T2 propeller,Tra T1 IR,Tra DWI,Tra SWAN,Cor T2 TSE,Evt,Intracerebral angio,Sinus Venografi,Spectroskopi som på BKC1,,call radiolog for plassering.",,"Spectroskopi som på BKC1; Singelvoxel med lang TE i basalganglier og i watershed.,Evt Sag  og Tra T1 SE ved lite hode/signal el uro på Sag T1 3D.",,,,,,,,,,
64,MR BKC4: Caput Infarkt kronisk,Prekontrast,"Sag T1 3D TFE,Tra T2 MV,Tra IR,Tra Venous Bold/SWI,Tra DWI,Cor T2 TSE","Sag T1 3D mprage,Tra T2 TSE,Tra T1  IR,Tra SWI,Tra DWI,Cor T2 TSE",,Evt Sag  og Tra T1 SE ved lite signal el uro på Sag T1 3D.,,,,,,,,,,,
65,MR BKC5: Caput Blødning 0-2 år,Prekontrast,"Sag T1 3D TFE,Tra T2 MV,Tra IR,Tra DWI,Tra Ven_Bold/SWI,Cor T2 MV,Evt:,(Spør radiolog),Intracerebral angio,Sinus Venografi","Sag T1 3D MPRAGE,Tra T2 TSE,Tra T1 IR,Tra DWI,Tra SWI,Cor T2,Evt:,(Spør radiolog),Intracerebral angio,Sinus Venografi",,Ved evt uro kan Sag og Tra T1 SE taes istedet for Sag T1 3D.,,,,,,,,,,,
66,MR BKC6: Caput Kramper,Prekontrast,"Sag T1 3D TFE,Sag T2 3D Brain View,Tra T2 2mm,Tra IR,Tra DWI,Tra Venous Bold/SWI,Cor T2 vinkelrett på temporallappen 2mm,Cor IR vinkelrett på temporallappen.,Radiolog vurdere:,DTI ved kartlegging av fibrene i malformasjoner/ DTI Medium iso,K+ Sag T1 3D TFE","Sag T1 3D mprage,Sag T2 Space 3D 1mm iso,Tra T2 TSE 2mm,Tra T1 IR,Tra DWI,Tra SWI,Cor T2 vinkelrett på temporallappen 2mm,Cor T1 IR vinkelrett på temporallappen.,Radiolog vurdere:,DTI ved kartlegging av fibrene i malformasjoner.,K+ Sag T1 3D mprage",,Evt Sag  og Tra T1 SE ved lite signal el uro på Sag T1 3D.,,,,,,,,,,,
67,MR BKC7: Caput Infeksjon,Prekontrast,"Sag T1 3D TFE,Sag 3D FLAIR,Tra T2 MV,Tra IR,Tra DWI,Tra Venous Bold/SWI","Sag T1 3D mprage,Sag 3D FLAIR,Tra T2 TSE,Tra T1 space IR,Tra DWI,Tra SWI",IV kontrast,Evt i.v. kontrast,Postkontrast,"K+ Cor T2 2D FLAIR,K+ Sag T1 3D TFE","K+ Cor T2 2D FLAIR,K+ Sag T1 3D mprage",,,,,,,,
68,MR BKC8: Caput Metabolske sykdommer,Prekontrast,"Sag T1 3D TFE,Sag 3D Flair,Tra T2 MV,Tra IR,Tra DWI,Tra Venous Bold,Cor T2 MV,Evt Spectroskopi;,Call radiolog for plassering;,voxler (ca 15x15x15),med kort og,intermediær,ekkotid.","Sag T1 3D TFE,Sag 3D Flair,Tra T2 MV,Tra IR,Tra DWI,Tra SWI,Cor T2 MV,Evt Spectroskopi;,Call radiolog for plassering;,voxler (ca 15x15x15),med kort og,lang,ekkotid.","Sag T1 3D mprage,Sag 3D Flair,Tra T2 TSE,Tra T1 IR,Tra DWI,Tra SWI,Cor T2 TSE,Evt Spectroskopi;,Call radiolog for plassering;,voxler (ca 15x15x15),med kort og,intermediær,ekkotid.",IV kontrast,Evt IV kontrast,Postkontrast,K+ Sag T1 3D TFE,K+ Sag T1 3D TFE,K+ Sag T1 3D mprage,,"Evt Sag  og Tra T1 SE ved lite signal el uro på Sag T1 3D.,Spectroscopi: Alltid en voxel med kort TE.,En voxel med lang TE på 3T, og intermediær TE på 1,5T.",,,,
69,MR BKC9: Caput Hydrocephalus,Prekontrast,"Sag T1 3D TFE,Sag T2 3D Brain View,Tra T2 MV,Tra T2 3D Drive 0.6 iso (dekke orbita /aqueducten),Tra DWI,Tra Ven_Bold/SWI,Tra IR,Cor T2 MV,Sag CSF PCA Flow, midtlinjen.","Sag T1 3D mprage,Sag T2 Space 3D 1mm iso,Tra T2 TSE,Tra T2 3D Space (dekke orbita/aqueducten),Tra DWI,Tra SWI,Tra T1 space IR,Cor T2 TSE,Sag CSF PCA Flow, i midtlinjen.",,"Husk å PPU-trigge Flow-serien og oppdatere frekvensen for å få riktig puls!,Evt Sag  og Tra T1 SE ved lite signal el uro på Sag T1 3D.",,,,,,,,,,,
70,MR BKC9A: Caput Hydrocephalus. Barn over 2 år,Prekontrast,"Sag T1 3D TFE,Sag T2 3D Brain View,Sag 3D FLAIR,Tra T2 MV,Tra T2 3D Drive HR iso 0.6mm, dekke orbita og aqueducten.,Tra DWI,Tra Ven_Bold/SWI,Tra IR,Cor T2 MV,Sag CSF PCA Flow, i midtlinjen.","Sag T1 3D mprage,Sag T2 Space 3D 1mm iso,Sag 3D FLAIR,Tra T2 TSE,Tra T2 3D Space, dekke orbita og aqueducten.,Tra DWI,Tra SWI,Tra T1 space IR,Cor T2 TSE,Sag CSF PCA Flow, i midtlinjen.",,Husk å PPU-trigge Flow-serien!,,,,,,,,,,,
71,"MR BKC10: Caput Hodetraume akutt, inkl. non-accidental",Prekontrast,"Sag T1 3D TFE,Sag 3D Flair,Tra T2 MV,Tra Venous Bold/SWI,Tra DWI,Cor T2 MV","Sag T1 3D mprage,Sag 3D Flair,Tra T2 TSE,Tra SWI,Tra DWI,Cor T2",,Ta evt Sag  og Tra T1 SE ved lite signal el uro på Sag T1 3D.,,,,,,,,,,,
72,"MR BKC10A: Caput Barnetraume, kun NMR2","Prekontrast,Caput","Sag T1 3D TFE,Sag 3D Flair,Tra T2 TSE,Tra SWI,Tra DWI,Cor T2 TSE,Sag T2 3D Space /Sag T2 3D Brain View  (,for vurdering av romslig subarachnoidalt rom mot subdural blødning),Evt. i.v kontrast ved evt SDH (SDH lader kontrast etter 2-3 uker pga membrandannelse)","Prekontrast,Totalcolumna","Sag T2 TSE,Sag T1 TSE,Sag STIR,Sag T2* FFE (hemo),Evt:  (radiolog se på bildene og vurdere nivå.),Tra T2 TSE,Tra T1 TSE,Cor T2 Dixon cervical, hvis positivt funn på STIR.,(IP/W)",IV kontrast,Evt. iv kontrast,"Postkontrast,Caput",K+ Sag T1 3D TFE,,,,,,,,
73,MR BKC11: Caput Sturge Weber Syndrom. Spebarn og barn 0-2 år,Prekontrast,"Sag T1 3D TFE,Tra T2 MV,Tra IR,Tra DWI,Tra Venous Bold/SWI,*Cor T2 2D Flair","Sag T1 3D mprage,Tra T2 TSE,Tra T1 space IR,Tra DWI,Tra SWI,*Cor T2 2D Flair",IV kontrast,Evt i.v. kontrast,Postkontrast,"K+ Cor T2 2D Flair,K+ Tra T2 2D Flair,K+ Sag T1 3D TFE","K+ Cor T2 2D Flair,K+ Tra T2 2D Flair,K+ Sag T1 3D mprage",,"*Cor T2 Flair trenger bare å taes en gang!,*Skal pas ha i.v.kontrast taes Cor T2 2D Flair bare etter.,Ellers taes den uten kontrast.",,,,,,
74,MR BKC12: Caput Infeksjon.,Prekontrast,"Sag T1 3D TFE,Tra T2 MV,Sag 3D FLAIR,Tra DWI,Tra,V,enous Bold/SWI","Sag T1 3D mprage,Tra T2 TSE,Sag 3D FLAIR,Tra DWI,Tra SWI",IV kontrast,i.v. kontrast,Postkontrast,"K+ Cor T2 FLAIR 2D,K+ Sag T1 3D TFE","K+ Cor T2 FLAIR 2D,K+ Sag T1 3D mprage",,,,,,,,
75,MR BKC13: Caput Endokrin hypofyseproblematikk,Prekontrast,"Sag T1, 1.5mm,Cor T1, 1.5mm,Cor T2, 1.5mm,Tra DWI,Tra Venous_Bold/SWI","Sag T1, 1.5mm,Cor T1, 1.5mm,Cor T2, 1.5mm,Tra DWI,Tra SWI",IV kontrast,"0,1 ml/kg  i.v kontrast",Postkontrast,"K+ Sag T1, 1.5mm,K+ Cor T1, 1.5mm,K+ Sag T1 3D TFE hele caput","K+ Sag T1, 1.5mm,K+ Cor T1, 1.5mm,K+ Sag T1 3D TFE hele caput",,,,,,,,
76,MR BKC14: Caput Epilepsi.,Prekontrast,"Sag T1 3D TFE,Sag 3D Flair*,Tra T2 2mm,Tra IR,Tra DWI,Tra Venous_Bold/SWI,Cor T2 2mm, vinkelrett på temporallappen,Cor IR, vinkelrett på temporallappen.","Sag T1 3D mprage,Sag 3D Flair*,Tra T2 TSE 2mm,Tra T1 IR space,Tra DWI,Tra SWI,Cor T2 2mm, vinkelrett på temporallappen.,Cor IR, vinkelrett på temporallappen.",IV kontrast,Evt i.v. kontrast,Postkontrast,Evt K+ Sag T1 3D TFE,Evt K+ Sag T1 3D mprage,,,,,,,,
77,MR BKC15: Caput Tumor cerebri.,Prekontrast,"Sag T1 3D TFE,Tra T2 MV,Tra DWI,Tra Venous Bold/SWI,Evt:,Spectroskopi, plasseres av nevroradiolog.","Sag T1 3D mprage,Tra T2 TSE,Tra DWI,Tra SWI,Evt:,Spectroskopi, plasseres av nevroradiolog.",IV kontrast,iv kontrast.,Postkontrast,"K+ Sag 3D Flair,K+ Sag 3D T1 TFE","K+ Sag 3D Flair Space,K+ Sag 3D T1 mprage",,"Hvis positivt funn som Medulloblastom, Anaplastic ependymom, Trilateral Retinoblastom, Pineoblastom, PNET,,Choroid plexus carcinom, Germinoma, Glioblastom i bakre skallegrop eller Hemangioblastom;,ta,BCTOT2.",,På de minste barna kan sag og tra T1 SE taes istedet for sag T1 3D ved uro eller for lite signal.,,,,
78,MR BKC17: Caput Blødning Barn over 2 år,Nativ,Prekontrast,"Sag T1 3D TFE,Sag 3D FLAIR,Tra T2 MV,Tra Venous Bold/SWI,Tra DWI,Evt:,Tra 3D,Intracerebral angio,Sag 3D Sinus Venografi","Sag T1 3D mprage,Sag 3D FLAIR,Tra T2 TSE,Tra SWI,Tra DWI,Evt:,Tra 3D,Intracerebral angio,Sag 3D Sinus Venografi",,,,,,,,,,,,
79,MR BKC18: Caput Infarkt.,Nativ,Prekontrast,"Sag T1 3D TFE,Tra T2 MV,Sag 3D Flair,Tra Ven_Bold/SWI,Tra DWI,Evt:,Tra Intracerebal angio.,Sag Venografi.","Sag T1 3D mprage,Tra T2 TSE,Sag 3D Flair,Tra SWI,Tra DWI,Evt:,Tra Intracerebal angio.,Sag Venografi.",,,,,,,,,,,,
80,"MR BKC19: Caput Utredning forsinket motorikk, mm Barn og spebarn 0-2 år",Prekontrast,"Sag T1 3D TFE,Tra T2 MV,Tra IR,Tra DWI,Tra Ven_Bold/SWI,Cor T2 MV","Sag T1 3D mprage,Tra T2 TSE,Tra T1 space IR,Tra DWI,Tra SWI,Cor T2 TSE",,Ved lite signal el uro på Sag 3D T1; ta sag og tra T1 SE.,,,,,,,,,,,
81,"MR BKC20: Caput Utredning lærevansker, anoreksi. Barn/ungdom over 2 år",Nativ,Prekontrast,"Sag T1 3D TFE,Tra T2 MV,Sag 3D FLAIR,Tra DWI,Tra Ven_Bold/SWI (hvis ikke tatt før)","Sag T1 3D mprage,Tra T2 TSE,Sag 3D FLAIR Space,Tra DWI,Tra SWI (hvis ikke tatt før)",,,,,,,,,,,,
82,MR BKC21: Caput Sturge Weber Syndrom. Barn over 2 år,Prekontrast,"Sag T1 3D TFE,Tra T2 MV,Sag 3D Flair,Tra DWI,Tra,V,enous Bold/SWI","Sag T1 3D mprage,Tra T2 TSE,Sag 3D Flair,Tra DWI,Tra SWI",IV kontrast,i.v. kontrast,Postkontrast,"K+ Tra T2 Flair 2D,K+ Cor T2 Flair 2D,K+ Sag T1 3D TFE","K+ Tra T2 Flair 2D,K+ Cor T2 Flair 2D,K+ Sag T1 3D mprage",,,,,,,,
83,MR BKC22: Caput Neurocutaneous Melanose. Barn over 3 måneder,Prekontrast,"Sag T1 3D TFE,Sag 3D Flair,Tra T2 MV,Tra DWI,Tra Venous Bold/SWI,Tra IR,Cor IR","Sag T1 3D mprage,Sag 3D Flair,Tra T2 TSE,Tra DWI,Tra SWI,Tra T1 IR space,Cor T1 IR space",IV kontrast,i.v. kontrast,Postkontrast,"K+ Tra T2 Flair 2D,K+ Cor T2 Flair 2D,K+ Sag T1 3D TFE","K+ Tra T2 Flair 2D,K+ Cor T2 Flair 2D,K+ Sag T1 3D mprage",,,,,,,,
84,MR BKC23: Caput Cephalocele/ Meningocele/ Meningoencephalocele,Prekontrast,"Sag T1 3D TFE,Tra T2 MV,Tra IR,Tra DWI,Tra Ven_Bold,*Sag 3D Flair,Cor T2, vinkelrett på temporallappen.,Cor IR, vinkelrett på temporallappen.,Tra T2 3D DRIVE 0.6 mm iso i akt. område,Avhengig av lokalisasjon av lesjon:,Tra Intracerbral Angio,Sag Venografi","Sag T1 3D TFE,Tra T2 2mm,Tra IR,Tra DWI,Tra SWI,*Sag 3D Flair,Cor T2, vinkelrett på temporallappen.,Cor IR, vinkelrett på temporallappen.,Tra T2 3D DRIVE 0.6 mm iso i akt. område,Avhengig av lokalisasjon av lesjon:,Tra Intracerbral Angio,Sag Venografi","Sag T1 3D mprage,Tra T2 TSE,Tra T1 IR space,Tra DWI,Tra SWI,*Sag 3D Flair,Cor T2, vinkelrett på temporallappen.,Cor IR, vinkelrett på temporallappen.,Tra T2 3D SPACE 0.6 mm iso i akt.område,Avhengig av lokalisasjon av lesjon:,Tra Intracerbral Angio,Sag Venografi",,"Ved positivt funn; alltid CT Craniosynostose.,Evt BORB3 Traume ved lesjon i fremre skallegrop og sphenoid region med orbita affeksjon.",,,,,,,,,,
85,"MR Barn BCTOT2: Columna, drop-metastaser",IV kontrast,iv kontrast,Postkontrast,"K+ Sag T1 Dixon TSE (W),K+ Sag T2 TSE,Evt:,K+ Tra T1 TSE DIXON, aktuelt område,Tra T2 TSE, aktuelt område.","K+ Sag T1 Dixon TSE (W),K+ Sag T2 TSE,Evt:,K+ Tra T1 TSE DIXON, aktuelt område,Tra T2 TSE, aktuelt område.",,,,,,,,,,,
86,"MR Barn BCTOT4: (+BCC4/BCD4/BCL4) Columna, infeksjon/ spondylodiscitt",Prekontrast,"Sag T1 Dixon TSE (W/IP),Sag T2 Dixon TSE  (W/IP),Tra T2 TSE ved funn,Sag DWI m/ADC (ved epidural abscess) Kun på S9.","Sag T1 Dixon TSE (W/IP),Sag T2 Dixon TSE  (W/IP),Tra T2 TSE ved funn,Sag DWI m/ADC (ved epidural abscess)",IV kontrast,iv kontrast,Postkontrast,"K+ Sag T1 Dixon TSE (W),K+ Tra T1 Dixon TSE (W),Evt:,K+ Cor T1 Dixon TSE (W)","K+ Sag T1 Dixon TSE (W),K+ Tra T1 Dixon TSE (W),Evt:,K+ Cor T1 Dixon TSE (W)",,,,,,,,
87,MR Barn BCTOT7: (+BCC7/BCD7/BCL7) Columna Smerter Stressfraktur,Nativ,,"Sag T1 Dixon TSE (IP),Sag T2 Dixon TSE (IP/W),Tra T1 Dixon TSE (IP),Tra T2 Dixon TSE (IP/W)","Sag T1 Dixon TSE (IP),Sag T2 Dixon TSE (IP/W),Tra T1 Dixon TSE (IP),Tra T2 Dixon TSE (IP/W)",,,,,,,,,,,,
88,MR Barn BCTOT8: (+BCC8/BCD8/BCL8) Columna Paravertebral/epidural tumor,,"Sag T2 Dixon TSE (IP/W),Sag T1 Dixon TSE (IP),Evt Tra T1 Dixon TSE (IP),Evt Tra T2 Dixon TSE (IP/W),Sag DWI (aktuelt område)","Sag T2 Dixon TSE (IP/W),Sag T1 Dixon TSE (IP),Evt Tra T1 Dixon TSE (IP),Evt Tra T2 Dixon TSE (IP/W)","Sag T2 Dixon TSE (IP/W),Sag T1 Dixon TSE (IP),Evt Tra T1 Dixon TSE (IP),Evt Tra T2 Dixon TSE (IP/W),Sag DWI (aktuelt område)",IV kontrast,iv kontrast,Postkontrast,"K+ Sag T1 Dixon TSE (W),Evt ved funn;,Cor T2 Dixon TSE (IP/W),K+ Tra T1 Dixon TSE (W),K+ Cor T1 Dixon TSE (W)","K+ Sag T1 Dixon TSE (W),Evt ved funn;,Cor T2 Dixon TSE (IP/W),K+ Tra T1 Dixon TSE (W),K+ Cor T1 Dixon TSE (W)","K+ Sag T1 Dixon TSE (W),Evt ved funn;,Cor T2 Dixon TSE (IP/W),K+ Tra T1 Dixon TSE (W),K+ Cor T1 Dixon TSE (W)",,,,,,
89,MR Barn BCTOT9: (+BCC9/BCD9/BSL9) Columna Guillain Barre Syndrom,,"Sag T2 TSE, hele columna,Sag T1 Dixon TSE (IP), hele columna,Tra T1 Dixon TSE (W) Fra conus til L5/S1","Sag T2 TSE, hele columna,Sag T1 Dixon TSE (IP), hele columna,Tra T1 Dixon TSE (W) Fra conus til L5/S1",IV kontrast,iv kontrast,Postkontrast,"Tra T2 TSE, etter behov,K+ Tra T1 Dixon TSE (W) fra conus til L5/S1,K+ Sag T1 Dixon TSE (W) hele columna,Evnt Tra T1 Dixon (W) cervicalt og thoracalt","Tra T2 TSE, etter behov,K+ Tra T1 Dixon TSE (W) fra conus til L5/S1,K+ Sag T1 Dixon TSE (W) hele columna,Evnt Tra T1 Dixon (W) cervicalt og thoracalt",,,,,,,,
90,MR Barn BCC10 Columna Torticollis,Nativ,Prekontrast,"Sag T2 TSE,Sag T1 TSE,Sag STIR,Sag T2 FFE,Tra T2 TSE,Tra T2 FFE","Sag T2 TSE,Sag T1 TSE,Sag STIR,Sag T2*,Tra T2 TSE,Tra T2*",,,,,,,,,,,,
91,MR BORB1: Malformasjon,Nativ,Prekontrast,"Tra T1 3D Dixon TSE (IP/W),Tra T2 Dixon TSE (IP/W),Cor T2 Dixon TSE (IP/W)","Tra T1 Vibe Dixon (IP/W),Tra T2 Dixon TSE (IP/W),Cor T2 Dixon TSE (IP/W)",,,,,,,,,,,,
92,MR BORB2: Tumor/Infeksjon,Prekontrast,"Tra T1 3D Dixon TSE (IP/W),Tra T2 Dixon TSE (IP/W),Cor T2 Dixon TSE (W),Tra DWI hele caput og orbita","Tra T1 Vibe Dixon (IP/W),Tra T2 Dixon TSE (IP/W),Cor T2 Dixon TSE (W),Tra DWI hele caput og orbita","Tra T1 3D IDEAL (IP/W),Tra T2 Dixon TSE (IP/W),Cor T2 Dixon TSE (W),Tra DWI hele caput og orbita",IV kontrast,IV kontrast,Postkontrast,K+ Tra T1 3D Dixon (W),K+ Tra T1 Vibe Dixon (W),K+ Tra T1 3D IDEAL (W),,,,,,
93,"MR BORB3: Orbita, traume",Nativ,Prekontrast,"Tra T1 3D Dixon TSE (IP/W),Tra T2 Dixon TSE (IP/W),Cor T2 Dixon TSE (IP/W),Sag T2 Dixon TSE (IP/W) aktuelt øye.","Tra T1 3D Dixon TSE (IP/W),Tra T2 Dixon TSE (IP/W),Cor T2 Dixon TSE (IP/W),Sag T2 Dixon TSE (IP/W) aktuelt øye.",,,,,,,,,,,,
94,"MR BORB4: Orbita, dermoid cyste/ hemangiom/ lymphatisk malformasjon",Prekontrast,"Tra T2 Dixon TSE (IP/W),Cor T2 Dixon TSE (IP/W),Tra DWI hele caput,Tra T2 3D Drive iso 0.6mm (ved lymfatisk malformasjon),Pre_Tra T1 3D Dixon (IP/W)","Tra T2 Dixon TSE (IP/W),Cor T2 Dixon TSE (IP/W),Tra DWI hele caput,Tra T2 3D Space (ved lymfatisk malformasjon),Pre_Tra T1 3D Vibe Dixon (IP/W)",IV kontrast,i.v kontrast,Postkontrast,"TRAK,K+ Tra T1 3D Dixon (W),Evt senfase;,K+ Tra T1 3D Dixon (W)","TWIST,K+ Tra T1 3D Vibe Dixon (W),Evt senfase;,K+ Tra T1 3D Vibe Dixon (W)",,,,,,,,
95,MR BORB6: Dacrocystografi,Prekontrast,"Tra T1 3D Dixon TSE (IP/W),Tra T2 Dixon TSE (IP/W),Cor T2 Dixon TSE (IP/W),Radiolog se på!,Tra T2 DRIVE 0,6 mm ISO,Cor T2 DRIVE 0,6 mm ISO",,"Øynene dryppes med,Miwana øyedråper,.",,"Tra T2 DRIVE 0,6 mm ISO,Cor T2 DRIVE 0,6 mm ISO",,,,,,,,,,
96,MR BØNH1: Collum. Tumor. Nevrofibromatose,Prekontrast,"Cor T2 Dixon TSE 3mm (IP + W),Cor T1 Dixon TSE 3mm (IP + W),Tra T2 Dixon TSE 3mm (IP + W),Tra T1 Dixon TSE 3mm (IP + W),Radiolog se på!,Evt Tra DWI ved behov (ved tumor, dermoid/epidermoid cyste, retropharyngeal abscess),Angio ved behov.","Cor T2 Dixon TSE 3mm (IP + W),Cor T1 Dixon TSE 3mm (IP + W),Tra T2 Dixon TSE 3mm (IP + W),Tra T1 Dixon TSE 3mm (IP + W),Radiolog se på!,Evt Tra DWI ved behov (ved tumor, dermoid/epidermoid cyste, retropharyngeal abscess),Angio ved behov.",IV kontrast,iv kontrast,Postkontrast,"K+ Tra T1 Dixon TSE 3mm (W),K+ Cor T1 Dixon TSE 3mm (W),K+ Sag T1 Dixon TSE 3mm (W) ved perineural spredning.,Ved Nervus Opticus patologi (NF1/OPG) taes T1 3D Dixon over orbita.,Ved Nervus Facialis patologi (perineural spredning) taes,T1 3D Dixon over aktuelt område.","K+ Tra T1 Dixon TSE 3mm (W),K+ Cor T1 Dixon TSE 3mm (W),K+ Sag T1 Dixon TSE 3mm (W) ved perineural spredning.,Ved Nervus Opticus patologi (NF1/OPG) taes T1 Vibe Dixon over orbita.,Ved Nervus Facialis patologi (perineural spredning) taes,T1 Vibe Dixon over aktuelt område.",Ekstra,Evt CT Ansiktskjelett,,,,,,
97,"MR BØNH2: Ansikt/svelg, tumor/annen patologi",Prekontrast,"Cor T2 Dixon TSE 3mm (IP + W),Cor T1 Dixon TSE 3mm (IP + W),Tra T2 Dixon TSE 3mm (IP + W),Tra T1 Dixon TSE 3mm (IP + W),Radiolog se på bilder.,Evt Tra DWI ved behov.,Evt angio ved behov.","Cor T2 Dixon TSE 3mm (IP + W),Cor T1 Dixon TSE 3mm (IP + W),Tra T2 Dixon TSE 3mm (IP + W),Tra T1 Dixon TSE 3mm (IP + W),Radiolog se på bilder.,Evt Tra DWI ved behov.,Evt angio ved behov.",IV kontrast,iv kontrast,Postkontrast,"K+ Tra T1 Dixon TSE 3mm (W),K+ Cor T1 Dixon TSE 3mm (W),K+ Sag T1 Dixon TSE 3mm (W) ved behov,Ved Nervus Opticus patologi (NF/OPG);,K+ T1 Dixon 3D 1mm over orbita.,Ved Nervus Facialis patologi (perineural spredning);,K+ T1 Dixon 3D 1mm over akt. område.","K+ Tra T1 Dixon TSE 3mm (W),K+ Cor T1 Dixon TSE 3mm (W),K+ Sag T1 Dixon TSE 3mm (W) ved behov,Ved Nervus Opticus patologi (NF/OPG);,K+ T1 3D Vibe Dixon 1mm over orbita.,Ved Nervus Facialis patologi (perineural spredning);,K+ T1 3D Vibe Dixon 1mm over akt. område.",,,,,,,,
98,MR Barn BØNH3: Bihuler,Nativ,Prekontrast,"Cor STIR,Cor T1,Tra T2 MV","Cor STIR,Cor T1,Tra T2 MV","Cor STIR,Cor T1,Tra T2",,,,,,,,,,,
99,MR Barn BØNH4: Tinningben/ Skallebasis,Prekontrast,"Tra T1 3D Dixon (IP+W),Cor T2 Dixon TSE 2.5mm (IP + W),Tra T2 Dixon TSE 2.5mm (IP + W),Tra T2 Drive iso 0.6mm,Tra DWI TSE,Radiolog se på:,Evt Cor DWI TSE,Evt Tra 3D,Intracerebral angio,Evt Sag 3D Sinus Venografi","Tra T1 3D Dixon (IP+W),Cor T2 Dixon TSE 2.5mm (IP + W),Tra T2 Dixon TSE 2.5mm (IP + W),Tra T2 Drive iso 0.6mm,Tra DWI TSE,Radiolog se på:,Evt Cor DWI TSE,Evt Tra 3D,Intracerebral angio,Evt Sag 3D Sinus Venografi",IV kontrast,iv kontrast,Postkontrast,K+ Tra T1 3D Dixon (W),K+ Tra T1 3D Dixon (W),,,,,,,,
100,"MR Barn BØNH5: Tinningben, cholesteatom",Prekontrast,"Tra T1 3D Dixon (IP+W),Cor T2 Dixon TSE 2.5mm (IP + W),Tra T2 Dixon TSE 2.5mm (IP + W),Tra T2 Drive iso 0.6mm,Tra DWI TSE 2.5mm,Radiolog se på:,Evt Cor DWI TSE,Evt Tra 3D,Intracerebral angio,Evt Sag 3D Sinus Venografi","Tra T1 3D Dixon (IP+W),Cor T2 Dixon TSE 2.5mm (IP + W),Tra T2 Dixon TSE 2.5mm (IP + W),Tra T2 Drive iso 0.6mm,Tra DWI TSE,Radiolog se på:,Evt Cor DWI TSE,Evt Tra 3D,Intracerebral angio,Evt Sag 3D Sinus Venografi",IV kontrast,iv kontrast,Postkontrast,K+ Tra T1 3D Dixon (W),K+ Tra T1 3D Dixon (W),,,,,,,,
101,MR BARN BØNH6: Frontonasal mass,Prekontrast,"Cor T2 Dixon TSE 3mm (IP + W),Tra T2 Dixon TSE 3mm (IP + W),Sag T2 Dixon TSE 3mm (IP + W),Tra T1 3D Dixon TSE (IP + W),Tra DWI TSE,Sag T2 Drive iso 0.6mm,Radiolog se på bilder!","Cor T2 Dixon TSE 3mm (IP + W),Tra T2 Dixon TSE 3mm (IP + W),Sag T2 Dixon TSE 3mm (IP + W),Tra T1 3D Dixon TSE (IP + W),Tra DWI TSE,Sag T2 Space 0.6mm,Radiolog se på bilder!",IV kontrast,iv kontrast,Postkontrast,K+ Tra T1 3D Dixon (W),K+ Tra T1 3D Dixon (W),,,,,,,,
